Word,Frequency
10,39792
100,13305
1000,4200
102,775
103,1226
104,1182
106,827
109,823
10th,4568
11,29271
111,1091
112,976
115,733
118,614
119,709
11th,3740
12,25465
120,1689
122,615
124,578
127,548
128,574
129,342
12th,3901
13,18259
133,441
134,533
137,469
139,477
13th,3007
14,20278
140,1118
141,618
142,319
143,618
144,642
145,812
146,749
147,547
148,388
14th,3220
15,23104
150,2377
151,399
152,455
155,636
156,470
158,339
15th,3613
16,20682
160,1045
161,464
163,321
164,482
165,596
166,328
169,449
16th,2727
17,16630
170,902
175,753
176,434
177,250
178,259
17th,3256
18,16477
183rd,2
185,497
186,353
189,216
18th,4301
19,14813
190,570
191,275
194,533
1958,230
196,333
1960,265
1965,184
197,279
1977,287
1980,417
1982,434
1996,1218
1997,859
19th,1896
1st,2089
20,24666
200,3965
2007,2633
2008,3259
2010,3219
2011,4166
2012,4325
2013,4876
2014,5130
2015,4405
2016,7660
2017,6890
2018,8181
2019,9580
2020,8118
2021,11773
2022,19230
2023,22492
2024,45713
2025,90969
2028,3602
204,384
205,582
208,268
20th,2089
21,11808
210,527
211,340
215,305
216,197
21st,1313
22,13866
226,192
229,498
22nd,1203
23,11635
232,144
23rd,1535
24,14766
246,222
249,108
24th,1163
25,15520
255,249
25th,1470
26,12818
261,159
264,1163
26th,1056
27,12426
27th,712
28,10758
284,177
285,282
28th,1257
29,9885
29th,894
2nd,2590
30,24766
300,4829
30th,988
31,9422
314,655
319,1412
31st,695
32,7727
33,4887
33rd,500
34,4410
34th,502
35,5831
36,6219
3600,12
37,4852
379,78
37th,410
38,4948
38th,494
39,5089
390,51
39th,359
3rd,1792
3w,4
40,9317
41,6788
41st,426
42,6310
424,22
43,3457
44,3432
44th,306
45,4347
46,2924
47,3033
47th,347
48,3610
49,2481
490,26
4996,1
49th,336
4th,2450
50,11620
500,4214
5000,106
50kg,958
51,3083
5121,1
5162,3
51st,384
52,3169
53,2670
53rd,390
54,2595
54th,250
55,2780
5529,1
56,2610
57,2287
57kg,1324
58,2133
58th,254
59,1986
5th,1498
5w,12
60,5317
60th,308
61,2097
62,2124
63,2069
63rd,108
64,2757
64th,295
65,3715
65th,219
66,2473
67,2229
68,2881
69,2505
692,26
69kg,145
6th,851
70,3854
7000,38
71,2285
71st,152
72,2587
73,1908
74,1909
75,5405
750,2898
75kg,1009
76,1908
76th,136
77,1837
77th,133
78,1450
79,1344
7th,1446
81,1615
82,1877
83,1589
84,2354
87,1870
88th,265
89,1717
8th,1085
90,4183
91,1492
93,1433
96,1641
99,1458
9th,957
aakarshi,767
aamir,213
aaron,12735
ab,1661
abdul,1104
aberg,186
abhinav,705
abhishek,10078
ability,23025
abishek,400
ablaze,167
able,21969
absence,14549
absorb,762
abstained,42
abuzz,318
ac,737
academy,8274
acc,1320
accelerate,1207
accept,3379
accepted,3345
acche,45
accolade,1879
accomplishment,1874
according,23941
accordingly,1828
accounted,490
accumulating,608
accused,5619
ace,5376
achieve,6132
achieved,9662
achievement,15950
achieving,1776
acknowledged,8597
acknowledging,2619
acosto,2
acquired,2737
acquiring,2175
act,6998
action,24065
actually,11881
ad,2156
adapt,2767
add,19180
added,57443
addedkohli,1
adding,17724
additional,7463
additionally,3797
address,6399
adductor,339
adeptness,8
adil,597
adjei,5
admiration,2852
admitted,14121
adopted,1280
advance,3917
advanced,6417
advancing,1524
advantage,12655
advantageous,223
advent,64
advertising,483
advice,3592
advised,2208
advisory,518
aerial,798
afc,4266
affair,5236
affect,4473
affiliated,361
afghanistan,7285
afp,3429
africa,20501
african,3721
afternoon,3599
agada,3
agarwal,606
aged,1191
agenda,498
aggression,2296
aggressive,9855
agility,908
ago,17694
agreed,4828
ahead,43605
ahmad,1251
ahmed,3584
ahmedabad,5095
ahmedtravis,12
aiden,1413
aim,9684
aimed,2524
aiming,4865
airee,61
ajay,1574
ajinkya,1991
akane,902
akash,3717
akeal,357
akshay,1161
al,5694
albiach,25
alcaraz,14163
alert,874
alex,14092
alexander,6065
alexei,266
ali,7163
alike,3106
alisher,6
alive,5904
allegation,6922
allegri,9
allianz,214
allowed,9410
allowing,7345
allows,3949
allrounder,2137
allure,177
almora,283
alongside,23812
alonso,5799
alternating,115
alternative,1610
alzarri,305
amallia,16
amassed,2147
amazed,261
ambassador,1673
ambati,237
amends,402
amerat,20
american,18376
amid,12540
amidst,2268
amit,1607
amplifying,294
amritraj,343
amusement,284
amusing,373
analysed,272
analysing,259
ancelotti,1610
andravindra,1
andre,4707
andrey,703
ange,251
angeles,35856
angkrish,790
angrily,194
angrkrish,2
ani,4572
ankita,821
ankle,6448
anmol,1296
anmolpreet,131
annals,241
announced,25646
announcement,11516
announcing,2448
anonymity,345
anrich,582
anshul,1043
answer,8304
answering,530
anthony,10827
anticipate,844
anticipated,6587
anticipates,332
anticipation,2707
antoine,374
antonio,14158
anuj,336
anukul,389
anupama,995
anushka,639
anymore,2334
ap,20534
apart,5856
apiece,452
apna,101
apollo,119
apparent,1165
appearance,33280
appeared,15508
appears,9421
applause,833
applying,501
appointed,3081
appreciate,1907
approach,19640
approached,2730
apr,1634
april,18054
aravelly,29
archer,3239
architect,491
ardent,76
area,12608
arena,12291
arjun,3341
arm,5729
arnaldi,228
arora,902
arrival,5394
arrive,3556
arrived,9252
arrowhead,1158
arsenal,5111
arshad,988
arshdeep,5329
arun,1998
arya,1351
arévalo,3
ascend,75
ascended,236
ashmita,549
ashutosh,851
ashwini,1056
asia,15938
asian,24237
aside,2314
ask,5686
asked,22564
asking,5815
asks,832
aspect,5071
aspiration,2374
assamese,8
asserted,846
asserting,610
assessment,3223
asset,5934
assist,14615
assistance,1763
association,11295
assumed,925
assumes,195
assured,2131
assuring,192
aston,2991
astonishing,1015
atal,673
ate,268
athens,430
athlete,28932
athletic,7643
atkinson,867
atletico,2089
atmosphere,3902
atop,1154
atp,6180
attack,21776
attacking,6513
attempt,9003
attempted,3654
attempting,2452
attendance,2487
attention,28410
attraction,1679
attribute,766
attributed,1060
auction,9435
aug,2666
august,18738
augusta,1049
aur,1159
aurélien,17
australia,37420
australian,19816
authority,7834
available,19043
avanish,61
avenged,538
avenging,196
average,15896
averting,103
avesh,992
avg,595
avoid,5590
awaited,849
award,16581
awarded,2503
awarding,288
awareness,2097
away,46636
awesome,1719
axar,6146
ayush,6972
azerbaijan,2089
azmatullah,702
ba,388
baad,160
bac,88
bach,184
backed,4204
backup,3182
backward,856
bad,12884
badminton,25337
badoni,817
bag,3315
bagan,2069
baggage,264
bagged,1047
bahadur,217
bai,3293
bail,692
bairstow,545
balance,11625
balanced,3084
balancing,2419
ball,70056
balyan,18
bandwagon,107
bangalore,634
bangar,508
bangkok,560
bangladeshi,339
bank,6014
banking,563
bansod,2664
bar,2716
barboza,239
barca,447
barcelona,8124
barkley,2499
barracuda,69
barreto,10
barring,591
barry,486
barsapara,365
baruah,1017
base,11226
based,9122
bash,1000
bat,18710
baton,492
batsman,4707
batter,24293
batting,30177
battle,23438
battled,2449
bavarian,39
bayer,406
bayern,2579
bbf,2
bearing,384
beat,20252
beaten,3616
beating,6266
beautifully,753
beauty,2324
bedroom,551
began,25505
begging,136
begin,19668
beginning,12079
begun,2665
behalf,954
behavior,2190
behaviour,1150
behrendorff,48
beijing,1177
belief,23416
believe,18323
believed,7158
beloved,2424
belt,5600
ben,8315
benefit,5408
beneston,1
bengal,7737
bengaluru,15983
ber,21
bernabeu,428
berth,2199
best,66628
better,34438
bewilderment,70
bhagath,11
bhaji,7
bhandage,239
bharat,1342
bhatia,1611
bhogle,155
bhosale,327
bhui,118
bhumij,1
bhupinder,39
bhuvneshwar,1993
biaka,1
bias,405
bicep,96
bicycle,262
bid,5319
bidding,1496
big,51233
bigger,10843
biggest,36059
bigwig,23
bihari,420
biju,44
billie,1521
billion,5044
billionaire,2300
bindra,346
bingjiao,109
birdie,5304
birthday,11126
bishnoi,1509
biswas,92
bit,19740
bitter,755
black,11120
blah,116
blanked,197
blas,72
bleed,125
blend,3344
blood,3962
blow,4971
blown,646
boast,2545
boasting,786
boby,86
bodes,72
body,14725
boe,707
bogey,3313
bogeyed,212
boiled,368
bollywood,1297
bolster,1623
bolstered,685
booed,858
booing,383
book,6470
boost,8980
boot,2284
bopanna,1385
bore,250
borgohain,1771
borussia,610
bother,598
bought,3134
boult,1129
bounce,5169
bounced,2406
bouncer,648
bouncing,715
bound,1437
boundary,33399
bout,15059
bowl,27638
bowled,9185
bowler,25607
bowling,22098
box,6633
boxer,12874
boxing,26511
boy,11458
brace,1493
bracing,224
brain,1774
brand,19643
brar,1498
bravo,505
breach,1444
break,30052
breakfast,623
breaking,7502
breakthrough,4586
breathtaking,1414
breezed,89
bremen,77
brevis,1340
brian,3698
brief,7473
briefly,4455
brigade,215
bright,3489
brilliance,3029
brilliant,4835
brilliantly,1231
bring,17636
bringing,10014
brings,10118
brink,1254
brisbane,1841
broke,10405
bronze,17685
brook,4787
brought,17383
brunswick,51
brunt,184
bryson,823
buckle,210
build,15110
building,12944
bulgaria,386
bullied,134
bumrah,16307
bunch,1981
bunched,41
bundesliga,559
buoyed,213
burgeoning,133
burger,741
bus,2370
busanan,419
business,18011
buts,25
buttler,3158
buy,3905
bwf,10868
bye,1102
ca,8168
cadiz,27
caffeine,57
cagliari,77
cahaya,19
called,18642
calling,9587
calm,8701
camaraderie,1107
camavinga,86
came,60942
cameo,1673
cameron,3363
camp,16340
campaign,24767
canada,12936
cancer,4072
candidly,1118
cap,14352
capable,4378
capital,15566
capitalise,875
capitalised,964
capitalising,468
capitalize,1532
capitalized,1199
capitalizing,489
captain,52229
captaincy,5421
captained,1283
caption,8601
captivating,1593
captured,5859
capturing,1880
card,17732
career,94509
careful,2299
carefully,2934
caribbean,1184
carlo,2152
carlos,11179
carnage,362
carry,13540
carvajal,219
carve,518
case,18290
casper,890
casualty,279
catch,11886
catching,2357
category,13691
cause,5215
caused,4079
celebrated,10013
celebrating,5362
cemented,1189
cementing,1461
central,9401
centre,10587
century,15272
ceremonial,564
certain,6960
certainly,5157
chahal,2889
chahar,1417
chakaravarthy,1098
chaliha,907
challenge,36769
challenger,11086
challenging,9771
chameera,452
champion,98724
championship,95980
chan,438
chance,40018
chandigarh,2145
change,37197
changed,16227
changeover,183
changsha,14
chaos,6758
chapter,18591
characteristic,480
characterized,484
charge,10752
charles23,11
charter,413
chase,14892
chasing,8074
chat,3053
chawla,391
check,5842
cheekily,168
cheer,4296
cheerfulness,1
chelsea,6145
chen,3290
chengdu,632
chennai,12692
chepauk,1090
chernyshov,73
chetan,398
cheteshwar,548
chhetri,1308
chhikara,35
chia,605
chidambaram,1494
chief,32895
chiew,68
chiharu,248
child,25216
childhood,4728
china,20390
chinaman,128
chinaswammy,3
chinese,17051
chinnaswamy,2083
chip,1529
chipped,1507
chirag,13486
choice,10235
choke,601
choose,3741
chose,7410
chou,990
choudhary,2841
chris,9330
christian,5260
christie,1616
christopher,758
chuahan,12
ci,97
cinema,361
circle,4967
circuit,12130
circulated,866
circus,435
citing,2992
citizen,983
city,49523
claim,19158
claimed,16238
claiming,7105
clash,23265
clashed,663
clasico,351
classic,6870
claudio,131
clawed,376
clawing,157
clay,3149
clean,5150
clear,32210
clearly,7195
clever,1021
clifford,132
climax,303
clinch,4379
clinched,5006
clinching,2639
clinical,1985
clip,9609
clock,1988
close,36540
closed,5063
closely,9986
closer,7597
closing,5728
cloud,2094
clown,449
club,33966
coach,77887
coached,1827
coaching,14209
coast,1919
cobb,206
cobolli,887
code,6251
coetzee,536
coinciding,185
cold,2905
collaboration,8461
collided,643
collin,646
collision,1963
cologne,176
coman,146
combination,8707
combine,2464
combined,9390
come,73628
comeback,18779
comfortable,6104
comfortably,3081
comical,127
coming,28039
commanding,6153
commence,1317
commenced,537
commences,285
commendable,828
comment,84282
commentary,2945
commentator,2869
commented,8350
commitment,10842
committee,8463
committing,929
common,2805
commonwealth,8210
communication,3063
company,16237
compared,6915
compass,108
compatriot,1799
compete,14234
competing,9667
competition,22500
competitive,16682
competitiveness,1077
competitor,4610
complete,15603
completed,7794
completes,484
composed,3606
composure,4399
compounded,383
comprehensive,1896
comprises,434
comprising,939
computerized,12
conceding,2075
concentrating,391
concern,20761
concludes,879
conclusion,3263
condition,20428
conditioning,1735
conducive,184
conduct,4229
conference,16577
confidence,16870
confident,8073
confidently,1173
confirmed,29549
confronts,203
congratulated,1449
congratulation,3892
connect,2198
connection,10271
consecutive,16433
consequently,335
consider,4245
considered,7796
considering,6143
considers,794
consistency,9772
consistent,10246
consistently,6865
consolidate,168
constituency,47
consultation,732
consummate,35
contend,775
contender,11733
content,9289
contention,4340
contest,14908
contested,2272
contesting,158
continental,1692
contingent,3428
continue,27407
continued,25897
continues,25391
contrast,4112
contrasting,1109
contribute,3415
contributed,5597
contributing,2556
contribution,7369
control,23339
controversial,6038
controversy,13269
conversion,641
convert,3100
converted,3106
converting,1367
convinced,1957
convincing,1954
conway,906
core,7313
corner,10946
cornerstone,2222
corporate,1565
cost,8420
costliest,187
count,4158
countered,892
country,27025
couple,38845
courageous,319
course,15799
court,35332
courted,84
courtesy,1106
cover,6154
coveted,1597
cr,2256
crack,1313
craft,1284
crafted,749
cramp,756
crasto,2138
craving,147
crazy,3540
crease,2535
create,9875
created,10013
creating,7485
credential,1493
credit,39129
crept,341
crest,137
cricbuzz,688
cricket,83690
cricketer,15011
cricketing,4504
crisis,1650
criticism,10429
criticized,2629
croatia,1379
crop,798
crore,27208
crorefaf,12
crorehardik,13
crorerishabh,12
croreruturaj,12
croreshreyas,11
croreshubman,4
cross,4582
crowd,16474
crown,7270
crowned,1960
crucial,22289
cruised,797
crushing,1449
cryptic,1460
crystal,1531
csk,14200
cuban,500
cummins,4049
cup,112772
curling,320
curran,1492
currency,456
current,24988
currently,25652
cusp,408
cut,12494
cycle,3554
czech,2982
da,11365
dabin,17
dad,5030
dagar,359
daiki,1
dais,90
dal,162
damage,7725
damocles,5
dampened,62
dance,2798
dangal,40
dangerous,5005
dani,693
daniel,6237
daniil,1637
danish,1200
danny,644
dar,732
darker,427
darshan,348
daryl,740
dashed,562
dasun,341
date,18664
daughter,18434
daunting,1674
david,11472
davis,8546
day,113266
dayal,1470
dazzling,816
dc,7436
deadline,6913
deadlock,717
deal,41185
dealing,6641
dealt,2300
death,10949
debate,10934
debutant,1452
decade,13013
deceived,146
december,15365
decent,2174
dechambeau,1029
decided,12146
decider,2847
decision,50123
decisive,6383
decisively,620
decorated,1534
dedication,4192
deep,15438
deepak,1805
defeat,30264
defeated,16382
defeating,10873
defeatist,1
defence,6157
defend,6647
defended,5206
defender,6411
defending,11543
defense,14471
defensive,18182
defensively,1079
deficit,2925
definitive,734
deflected,816
delayed,2533
delhi,64200
delicate,807
delight,997
delighted,1766
delightful,288
deliver,6529
delivered,13527
delivery,9643
demanded,1542
demanding,4651
demonstrate,826
demonstrated,2981
demonstrating,1932
demoted,157
denmark,4416
denny,141
deny,1177
denying,1002
department,4096
departure,5095
depend,2417
depends,2590
depicts,102
depleted,549
depth,13692
desai,521
described,10321
deserving,852
deshpande,779
designed,3405
desire,4397
desired,677
desperately,802
despite,49552
destined,844
destructive,549
determination,4658
determined,5119
detour,109
dev,2725
devdutt,1866
deviate,70
devika,1090
devising,26
dewald,895
dhami,175
dhanraj,63
dharamsala,1037
dhawan,1468
dhir,882
dhona,16
dhoni,10230
dhruv,4297
dhull,268
diagnosed,1685
diaz,2736
dicey,78
die,986
diego,4527
difference,8723
different,41301
differential,273
differently,2222
difficult,23100
difficulty,3277
dignitary,143
dilip,1437
dilshan,161
diminutive,82
dimitrov,604
dinesh,1245
dipendra,74
dipendu,21
directed,2217
direction,6196
directly,7764
director,6125
disallowed,547
disappointing,8188
disappointment,6170
disaster,928
disbelief,1089
disclosed,1735
discovered,1350
discus,2715
discussed,5849
discussing,2541
discussion,13308
dismissal,4960
dismissed,8721
dismissing,2387
dispatching,200
display,6674
displayed,4309
displaying,1030
displeasure,423
disrupt,1017
distance,4442
distinct,1023
distinction,1020
dividend,480
division,14573
djokovic,10869
dmitriy,23
dogwood,36
doku,201
dollar,3601
domestic,9805
dominance,8006
dominant,9634
dominate,4367
dominated,8458
dominating,3262
donned,481
donning,500
dont,182
double,42916
doubled,1702
doubt,6907
doubter,513
downed,488
draft,17026
drake,3019
drama,9579
dramatic,7983
draw,17479
drawing,4547
dream,17979
drew,11854
dribble,274
drive,10441
driver,54642
dronacharya,111
drop,11101
dropped,12013
dropping,4035
du,2544
duality,54
duan,37
dubai,8630
dube,4427
dubey,1485
duc,64
duck,5279
dugout,1360
duly,246
dumbfounded,26
dumped,146
duo,16398
dusan,78
dushmantha,392
dustin,3176
dutchman,791
dutchwoman,17
duvan,4
dwaine,43
dwayne,1997
dwipuji,17
dynamic,5898
eager,4240
eagerly,2127
earlier,34527
early,49573
earn,6926
earned,18743
earning,6816
earnings,11674
ease,2269
easier,3215
east,7337
easy,11035
ebden,393
ec,179
echoing,623
eclipse,139
economical,295
ed,1581
eden,3267
edge,9313
edged,2075
edition,15116
eduardo,227
edward,4119
effective,3114
effectively,3933
efficiency,2112
effort,18406
eighth,6841
eintracht,137
ekana,942
el,3336
elaborated,598
election,3702
electrifying,1187
elevate,1803
elevated,1354
elevating,422
eliciting,60
eliminated,3795
elimination,4712
eliminator,2194
elite,15996
embassy,235
embattled,28
embellished,75
embodied,332
embrace,2487
embraced,2324
emerge,2240
emerged,9253
emerges,960
emerging,4762
emotion,8570
emotional,21129
emphasized,4996
emphasizing,2346
emphatic,1669
emphatically,317
employed,656
en,800
enabled,1074
encounter,10159
encountered,645
encouraged,1905
end,60771
endeared,76
endeavor,566
ended,28801
ending,8453
endured,3122
enforcer,375
engaged,4412
engages,113
engaging,1799
england,55380
english,4966
enjoyed,6506
enjoying,6242
enjoys,2263
ensuing,195
ensure,6319
ensures,1613
ensuring,4857
entered,10659
enters,4656
entertaining,2089
entertainment,8704
enthralling,363
enthusiast,1443
entire,14244
entirely,4208
entrepreneur,1689
entrusting,85
entry,5386
epitomizes,29
equalize,237
equalized,625
er,541
era,15574
erik,1104
erin,1365
erling,1530
eroding,43
error,7646
erupted,1839
escalated,1706
escalating,667
especially,26242
espncricinfo,235
essential,2699
establish,2875
established,8093
esteemed,238
etch,199
etched,1722
ethical,509
europe,6257
european,9571
eve,1903
evening,6865
evenly,972
event,89462
eventually,16769
everybody,5005
evident,3492
exactly,8659
example,5471
exceeding,676
excelled,684
excellence,4932
excellent,4130
exceptional,5125
exceptionally,641
exchange,11486
excitement,8827
exciting,11137
exclaimed,219
exclusive,8519
exclusively,1459
execute,1193
executing,625
exemplified,141
exhaustive,254
exhibited,619
exhibition,2151
exhilarating,343
existence,397
exit,11557
exited,1792
expanding,1770
expect,11723
expectation,10467
expected,38324
expensive,3467
experience,38023
experienced,11725
experiencing,1350
explaining,2102
explains,3610
explosive,6910
exposed,2002
exposing,480
expressed,15431
expressing,2880
extended,8764
extending,2236
extensive,1831
extra,9564
extraordinary,3802
extremely,5842
eye,17349
fa,1348
fabian,366
fabulous,293
face,51488
faced,18200
facing,12563
fact,11511
factor,6827
facundo,90
faf,1132
faiaz,1
failed,12053
failing,2532
faint,260
fair,4486
fairly,1037
fall,8211
falling,4869
faltered,1404
famed,570
familiar,6025
family,71107
famous,7774
fan,176184
fantastic,3925
fantasy,2060
far,30793
farooqi,447
farooqui,146
fast,15217
fate,2118
father,22953
fatigue,1120
fault,2037
faust,11
favor,2654
favorable,637
favoring,259
favorite,7333
favour,3429
favourable,619
favouring,209
favourite,5861
fazalhaq,388
fc,8921
feat,4857
featherweight,2969
feature,20954
featured,8838
febriana,19
february,18138
federation,13438
feed,1329
feel,42683
feeling,12535
felix,8757
fell,10744
fellow,5990
felt,24352
ferguson,1697
fernandez,1044
fetched,364
field,38781
fielder,1703
fielding,3384
fierce,2651
fiercely,784
fiery,2412
fifa,14975
fifth,15734
fight,60840
fighter,26074
fighting,19105
figure,20151
figuring,273
fih,3009
fijian,8
filled,5236
film,7712
final,123758
finale,3796
finalist,2266
finally,20470
finance,1817
financially,1710
finch,378
finding,6748
fine,8404
finest,2010
finger,3368
finish,29484
finished,30237
finishing,15044
firework,1731
firm,3562
firmly,4939
fit,13311
fitness,11063
fixture,6364
flag,5492
flamboyant,249
flat,1926
flatter,204
flavio,735
flawless,994
fleeting,257
flick,1599
flight,3154
flinging,20
flooded,1427
floundering,42
flourishing,159
flow,1815
flowering,17
floyd,727
flurry,794
flying,2501
focus,30480
focused,14619
focussed,278
follow,8746
followed,25754
following,44789
follows,4597
food,4276
foot,11306
football,46751
footballer,2367
footed,11
footstep,929
foray,259
forbes,1813
force,11905
forced,9006
forcing,3965
forehand,2610
foreign,2792
foreigner,285
form,24670
format,14087
formation,722
formidable,4663
forover,2
forth,886
fortitude,265
forward,37069
fought,9337
foul,2880
foundation,9736
fourth,25083
fowler,602
fox,6892
frame,2406
france,10630
franchise,27899
frankfurt,310
fred,863
free,24878
french,12396
frenzy,1548
friday,20688
friend,21435
friendship,4928
fromaiff,1
frustrate,138
frustrated,2931
frustration,7176
fuel,4768
fueled,3254
fulfilled,785
fully,11164
fun,10787
funny,2256
fury,2374
futile,49
future,42806
gagan,177
gaikwad,2542
gained,6206
gaining,1937
gambhir,12049
game,294061
gameplay,4691
gandhi,2284
ganguly,1952
gap,9602
garaga,133
garden,8886
garros,3283
gary,2106
gassama,4
gathered,1844
gathering,1542
gaurav,206
gautam,7271
gave,24592
gayatri,4447
gayle,1237
gear,6312
gearing,2263
gemke,133
genius,861
genuine,3424
geopolitical,436
george,14964
gerald,487
german,4813
gesture,5998
getting,25731
giant,17910
gifs,21
gill,20788
ginting,181
girl,13290
girona,407
given,21738
giving,18083
glad,2007
glam,385
glass,1437
glenn,2662
glimmer,257
glimpse,10757
glitzy,82
global,18475
globally,2069
glory,3662
glove,3129
glover,34
goal,49884
goalkeeper,7876
god,4783
gogoi,135
goh,786
going,69773
gold,30864
golden,24418
golf,18214
golfer,5106
gomez,1017
gone,11656
good,61624
googly,273
gopal,369
gopichand,4511
gordon,1258
gosh,188
got,53439
governance,1565
governing,2877
goyal,175
goyary,2
gradually,2409
grand,46647
grant,3669
grass,2829
great,40262
greater,5413
greatest,10239
greece,734
greek,761
green,17433
greener,38
greeting,524
griezmann,227
grigor,341
grimley,106
grin,440
grinning,184
gripping,1064
grit,2192
groin,1269
groomed,230
groove,390
ground,16690
grounder,39
group,37982
growing,17390
grown,4791
gruelling,887
gt,7867
gu,766
guang,270
guangzu,16
guard,11328
guardiola,1598
guerreiro,23
guess,2430
guided,2416
gujarat,9327
gundogan,84
gunpoint,53
gupta,1006
gurbaz,888
gust,184
gutta,182
guwahati,3800
guy,18205
gvardiol,117
gwgwmsar,1
haaland,2919
hai,5967
hailing,429
half,15195
halfway,1268
hallmark,475
halted,1109
han,1366
hand,28312
handed,4639
handle,8311
handling,2658
hang,2166
hangargekar,135
hanging,2495
hangzhou,1692
hao,359
haphazard,24
happend,1
happened,15272
happening,4257
happens,6509
happy,24938
haq,110
hard,28458
hardik,9366
hardly,1823
harendra,941
harmanpreet,5104
harpreet,461
harry,4217
harsha,131
harshal,612
harshit,3049
harshitaa,92
haryana,2702
hasan,2256
hasaranga,878
hashioka,1
hastening,8
hat,2479
haul,3635
hayward,203
hd,2645
head,42975
headed,3065
header,2407
heading,7883
health,13939
healthy,5968
heard,4676
heart,13869
heartbreaking,2495
heartfelt,8112
heat,9564
heaved,56
heavily,5966
heavy,7090
hectic,671
hefty,929
height,5350
heightened,708
heinrich,1530
held,25431
helm,877
help,29286
helped,25449
hemanth,380
hernandez,944
hernia,116
hero,7983
heroic,1687
hetmyer,852
hi,2425
hiatus,1044
high,30864
higher,7272
highest,12991
highlander,177
highlight,17192
highlighted,9405
highlighting,5008
highly,9460
hilariously,397
himachal,1063
himanshu,344
hinge,1433
hint,4132
hip,1823
historic,15828
historically,953
history,41938
hit,38915
hitter,3490
hitting,10021
hmar,215
hockey,34642
hojgaard,91
hold,20343
holding,10024
hole,6542
holger,553
homa,269
home,61299
honest,5120
honestly,3791
honor,6347
honorary,369
hooda,4318
hope,27947
hopefully,4756
hoping,5947
hopped,88
horizon,1787
horn,1129
horrific,394
hosein,394
hosh,2
host,19876
hostility,373
hosting,4569
hot,5415
hotspur,545
hour,25388
hourigan,11
house,14765
hovland,498
howe,353
hrithik,97
huge,16494
human,4065
humbert,119
humiliation,306
humorous,916
humour,452
humourous,7
hunger,1524
hungry,1248
hunt,4973
hurdle,2141
hussain,1133
hyderabad,11515
hylo,295
hyped,464
hyuk,93
ians,1014
iba,1810
icc,19895
icon,9228
iconic,11392
idol,908
iglesias,551
ii,2584
ilkay,44
illustrious,2391
imad,379
image,164050
immediate,7600
immediately,12478
immense,3708
impact,24405
impactful,1602
impeccable,342
importance,6711
important,30123
impress,1011
impressed,5178
impressing,380
impression,2056
impressive,18998
improve,9152
improved,5288
improvement,4524
improving,3159
inability,1133
inaugural,2960
inch,1477
incident,18120
incidentally,312
inclement,77
include,8829
included,13773
includes,11292
including,51185
inclusion,3050
incorporated,329
increase,5650
india,241272
indian,116606
indicate,2431
indicating,1683
indie,10807
indira,1042
individual,13194
indonesia,7396
indonesian,1926
inexperienced,528
influence,9673
information,6275
initial,5560
initially,9406
injects,77
injured,9135
injures,51
injury,79319
inn,203
inning,32587
input,4252
inside,22833
insight,3395
inspiration,2794
inspired,4635
instagram,50923
instance,2383
instead,19666
instilled,284
instinct,1914
instrumental,1915
insurmountable,147
integral,791
intelligent,669
intense,9013
intensely,264
intensified,2097
intensifies,683
intensify,642
intensifying,633
intensity,4525
inter,3382
interacting,578
interaction,5642
interesting,7291
interfering,203
internal,3105
international,48665
internet,6171
interrupted,1465
interval,2094
intervened,643
interview,18212
intriguing,2451
introduced,6617
investment,9066
invitation,1947
invited,2122
involved,12809
ioa,2053
ioc,2198
ipl,78117
iran,2347
ironically,316
irrelevant,254
isak,558
ishan,4529
ishant,623
isharani,1048
isilye,15
isko,84
isl,3881
island,4173
israel,1848
israeli,418
issue,25706
issued,4096
ist,13555
italian,8440
itna,129
iyer,10541
jack,8818
jadeja,7565
jagadeesan,168
jahouh,52
jaipur,2614
jaiswal,7471
jaitley,1438
jake,18701
jakobshalle,65
james,31371
jamieson,539
janata,66
janneke,74
jannik,6595
jansen,1971
january,15115
japan,15519
japanese,5883
jas,38
jason,10470
jasprit,8586
jayant,218
jaydev,409
jean,3009
jeremy,1087
jersey,11051
jhathavedh,52
jhye,134
jia,1010
jin,555
jinx,358
jio,215
jitesh,1859
jithin,120
joao,766
job,13933
jofra,1831
johnson,11861
join,32155
joined,15576
joining,9325
joint,3628
joked,3697
jolly,2995
jolt,269
jon,5504
jonatan,736
jongte,1
jonny,442
joo,20
jordan,9835
jos,3093
jose,3997
joseph,2072
josh,12803
joshua,3952
journey,27093
jovial,207
joy,5449
joyous,286
judge,8066
judicious,43
juggernaut,410
jugraj,415
june,24639
junior,14080
juventus,809
jwala,228
júnior,262
kagiso,1402
kaise,69
kalinga,476
kalyan,355
kamboj,1158
kamran,389
kane,4810
kang,570
kansa,16869
kanwar,60
kapil,2833
kapila,1418
kapur,481
karen,1471
karkera,328
karn,387
karthik,1988
kartik,1174
kartikeya,239
kashmir,1179
kashyap,1696
kasimov,7
katethong,257
kazakhstan,1626
kc,392
ke,2022
keen,2335
keenly,162
keeper,873
keeping,11556
kept,21047
kevin,9070
key,31996
khachanov,624
khaleel,1011
khan,13262
khanna,312
kharab,155
kharb,561
khejroliya,181
kholmurodov,2
khona,11
kick,7582
kicked,2788
kickoff,1560
kickstart,146
kid,12278
kidambi,1896
kieron,423
killer,819
kim,10281
kind,20313
king,29979
kingsley,95
kiran,2150
kishan,5301
kishanrohit,1
kishore,762
kit,1856
kiwi,1299
kjær,6
kkr,11269
kl,6633
klaasen,2240
knew,10017
knight,15972
knock,8261
knockout,10205
know,59148
knowledge,1888
known,24505
ko,1917
kock,1418
koepka,241
kohli,32639
kolkata,12060
kom,1460
konjengbam,479
kookaburra,198
korea,7222
korean,3225
kotian,388
kovacic,47
kremlev,188
krishan,302
krishna,3454
krishnan,240
kristin,901
kroos,177
krunal,1902
kryger,6
kuldeep,6172
kulwant,198
kumar,13212
kushagra,456
kuuba,23
ky,102
kyle,9261
la,18818
laced,515
lack,7847
lacked,2062
lackluster,450
lacklustre,201
lad,836
ladder,2487
lajong,67
lake,2110
lakh,15799
lakhpat,17
lakshya,11493
lalit,564
lalthuammawia,11
landed,4751
lapse,984
lara,819
large,5441
largely,4437
larger,4172
lasted,3781
lasting,4557
latched,116
late,20931
later,51294
latest,21401
laugh,2995
laughter,1562
launch,7112
launched,4835
laurel,331
law,3202
layer,4020
layoff,782
le,14588
lead,44710
leader,11502
leaderboard,1232
leadership,17267
leading,25291
leaf,20806
league,90136
learn,7000
learned,3923
learning,5762
learnt,3162
leave,13369
leaving,16885
led,29504
lee,9179
left,47257
leg,10835
legacy,15710
legal,11717
legend,28939
legendary,9323
leipzig,353
length,3557
lesson,4002
let,22149
level,33733
leveling,870
leveraging,323
leverkusen,672
lewandowski,740
liam,2869
liang,865
lick,170
lie,4803
life,64418
lifted,4166
lifting,2247
liga,2389
light,11730
lightened,65
lightning,3281
like,136862
liked,1610
likely,17488
lim,197
limited,9487
limiting,870
limitless,201
lin,2393
line,25346
lineup,13735
lionel,4611
list,19724
listen,1884
listening,787
literally,2254
little,29513
litton,496
liu,2106
liv,6235
live,29960
lived,2826
liverpool,6500
living,5073
livingstone,1236
load,1730
lobera,191
local,12167
lock,2091
lockie,800
logic,891
lok,333
lomror,364
london,17389
lone,1805
long,46953
longer,12651
look,56081
looked,19115
looking,25934
looming,1259
loose,1517
lorenzo,1117
los,36727
lose,9605
losing,22283
loss,37086
lost,36618
lot,50383
loudest,538
love,40418
loved,5760
lovlina,2434
low,8544
lower,5419
lowest,1757
loyal,1434
loyalty,2959
lsg,8341
lu,420
luca,321
lucas,3999
luck,4022
lucknow,8896
lucky,3318
ludvig,199
luis,2071
luke,2648
lulu,106
luminary,21
lunch,1226
lungi,651
luton,53
lyrical,130
maari,16
maarunga,15
madhushanka,13
madhwal,298
madness,566
madrid,16642
magala,12
magic,6160
magpie,52
maharaj,845
maharaja,503
maheesh,481
mahendra,513
mahipal,335
maiden,11172
main,25032
mainly,1658
maintain,7544
maintained,8059
maintaining,4983
major,58846
make,94484
makeshift,415
making,48146
malaysia,6223
malaysian,3106
male,2961
malik,2347
mallick,6
mallika,52
mallorca,557
malvika,5142
mammoth,1268
man,23151
managed,17745
management,12168
manager,15012
manages,1207
managing,5030
manav,1013
manchester,9538
mandal,206
mandatory,1726
mandeep,650
maneesha,57
manipur,916
manipuri,132
manish,933
manjusha,14
mannepalli,713
manohar,403
manoj,815
mansingh,641
mar,1146
marathon,1787
marc,1130
marcelo,334
march,22287
marco,2562
marcus,3740
margin,4008
marijne,781
mariner,2243
mark,28397
markande,409
marked,12264
markhande,14
marking,6846
markram,1757
marsh,2310
mary,2350
massimiliano,7
massive,13948
master,12823
masterspreceded,6
match,216797
matched,2688
matchup,13104
mate,1286
mateo,427
maternal,218
matheesha,687
mathias,409
mathur,133
matsuyama,356
matteo,829
matter,19813
matthew,15288
mature,1036
mavi,124
max,21681
maximize,1218
maximum,3114
maxwell,1642
mayank,2619
maybe,10128
mayweather,975
mc,170
mcc,318
mccarthy,2090
mcconnell,276
mcilroy,3609
mdns,5
mean,23480
meaning,4320
meaningful,4326
meant,7611
medal,41809
medalist,2451
medallist,9919
medical,10228
mediterranean,248
medium,56651
medvedev,2604
meeting,15218
mein,1208
meltdown,536
member,17609
meme,2095
memorable,7718
memorial,1723
memory,9259
men,49238
mental,8214
mentality,1971
mentally,3879
mentor,3817
mentored,220
mere,2241
meredith,730
merit,900
mesmerizing,109
message,23916
messi,10494
met,10752
meticulous,379
mi,10230
miami,23006
michael,16438
michu,1
micky,77
middle,13706
midfield,1453
midfielder,3785
midway,1600
miguel,811
milan,2988
mile,2220
milestone,13899
milk,438
miller,4389
million,81742
min,1578
minaur,1614
mind,11824
minimizing,96
ministry,3331
minor,4546
minute,38187
minz,314
mirjalol,4
mirshad,2
miscued,271
miserable,295
mishap,499
mishra,2291
miss,12992
missed,17836
missile,192
missing,12507
mistake,7785
mistimed,439
mitchell,9219
mix,6214
mixed,16307
model,7729
modern,7002
modi,5987
moeen,604
mohali,513
mohammad,4354
mohammed,8130
mohammedan,528
mohit,863
mohsin,2218
mohun,1396
moirangthem,50
mojo,145
mom,4358
moment,89071
momentarily,442
momentary,146
momentum,16375
monaco,9555
monday,19069
money,21604
mongolia,521
monique,63
monitoring,1423
monte,1181
month,39627
mood,2713
moody,1082
moon,1031
morikawa,231
morning,8109
mortada,1
mother,12951
motivation,3130
mount,1340
mounted,1127
mounting,1569
mourinho,580
moved,15585
movie,6174
moving,13671
mr,1348
mueller,561
mujeeb,264
mujhe,607
mukesh,1593
mulani,308
mullanpur,922
multiple,22368
mumbai,24179
mumbaikar,138
munich,1933
muralitharan,194
muscle,2223
musetti,1213
musician,475
mustafizur,1362
muthusamy,569
muttiah,99
mutual,2617
muñoz,93
nabi,1359
nadal,7058
nagal,3225
nahi,2342
nalkande,130
naman,991
namandhir,12
namdhari,70
named,11028
nami,241
nandre,302
nardi,85
narendra,2768
narine,1896
narrow,3067
narrowly,2253
natarajan,433
nation,12338
national,35830
naturally,3373
nature,5213
naveen,105
navigated,407
near,12026
nearing,1197
nearly,12326
neck,2305
need,57099
needed,16513
nehal,706
nehwal,2199
nepal,1639
neroca,27
nerve,4307
nestor,86
net,45774
netted,877
neufc,312
new,222114
newcastle,1462
newly,3158
news,20955
ngo,42
nice,5156
nicholas,1518
nick,11583
nicklaus,158
nicolai,84
niggles,236
night,46853
nightmare,2710
nikhat,1857
ning,594
ningbo,340
ninth,6570
nishant,1260
nitesh,478
nitish,4010
noise,3758
noisy,100
noor,1080
norm,734
normal,4012
normally,1232
northeast,711
nortje,651
norway,3085
norwegian,960
nostalgic,814
notably,2339
notching,247
note,10009
noted,7942
notion,433
notorious,962
novak,5718
november,15958
number,34103
numerous,3033
nuwan,379
obstacle,1362
obviously,9140
occasion,5773
occasional,1292
occupies,360
occupying,351
oceania,884
oct,1014
october,15741
odean,21
odi,19402
odisha,2346
offence,1221
offensive,13876
offer,19230
offering,5822
official,33404
officiating,1168
oh,2402
okay,2798
old,17059
older,3710
olive,272
olympic,28171
olympics,20367
omarzai,929
ongbamrungphan,293
ongoing,12436
online,17612
onrushing,38
onslaught,484
onus,321
oozing,52
open,76804
opened,13684
opener,15983
opening,34964
opinion,9291
opponent,21624
opportunity,36573
opposition,3673
opt,762
opted,3926
optimism,1993
optimistic,2139
option,19401
orange,2472
order,13774
organisation,2730
original,5021
orleans,3806
orlen,35
ostwal,141
oust,89
outburst,626
outcome,5587
outing,7317
outlast,340
outside,18431
outsmarted,130
outstanding,4471
overall,17613
overcame,2595
overcome,3681
overcoming,1614
overhit,16
overpowering,192
overseas,3874
overtake,840
overuse,70
overview,812
ovr,456
owing,1150
pa,224
pace,14704
pacer,15814
pacific,3302
packed,3940
padam,8
padikkal,2450
padukone,1188
padukonebadminton,16
paid,7282
paige,2345
painful,3249
pair,23125
pairing,2390
pakad,36
pal,797
palpable,355
panarin,985
panda,918
pandey,820
pandya,10569
pandyaharshit,2
pandyajasprit,1
panel,2162
panghal,1579
panic,1282
pant,14674
pantheon,76
pape,69
par,3950
parag,2233
parent,10601
paris,21797
park,7233
parred,106
partho,14
participate,4931
participated,2261
participation,5627
particularly,13290
partner,13798
partnered,1102
partnership,19462
party,6757
parupalli,447
parveen,886
pas,10051
passing,7473
passionate,2272
past,31268
pat,5833
patch,3610
patel,7945
path,11775
pathak,371
pathirana,751
patidar,3719
patron,135
pattern,3217
pav,34
pavic,91
pawar,1214
pay,9210
pbks,6959
pe,589
peace,2662
peach,169
pedro,1160
peeping,5
penalty,16312
penetrate,73
penultimate,920
people,44741
pep,911
percent,5500
perfect,11767
perform,6975
performance,70291
performer,5188
perilous,36
period,14368
perished,176
permeates,13
perplexing,39
persisted,444
persistent,1299
person,10229
personal,31289
perspective,5040
perth,3679
peru,227
peruvian,23
phalguni,4
phase,8207
phat,73
phil,2619
phillips,1873
philosophy,1976
photo,57592
physical,12020
physically,3880
physio,736
pick,20418
picked,9040
picking,2891
picture,27111
pietersen,590
pink,1729
pinnacle,799
pinned,523
pit,3043
pitch,16763
pivotal,4605
piyush,289
pizarro,11
place,57847
placed,8749
placing,2179
plagued,558
plan,28927
plane,817
planned,4899
planning,6566
platform,12372
play,103725
played,63964
player,234115
playing,63707
playoff,35988
plea,971
pleasant,703
plessis,2364
plummeted,151
pm,42434
po,543
poacher,20
pocketing,141
podcast,12323
point,111673
pointed,9252
pointing,3333
poised,2220
poland,1452
pole,8003
polish,1360
political,4834
pollard,795
ponnappa,639
pool,6483
poopers,5
poor,6313
pooran,1827
popular,10716
popyrin,392
porel,938
portuguese,1877
posed,2184
position,36632
positive,11300
possession,2812
possibility,7126
possible,18067
possibly,3899
post,63575
postecoglou,345
posted,20480
potential,28644
potentially,5935
powell,1721
power,25172
powerful,10424
powerfully,105
powerhouse,2551
powering,413
powerplay,3541
pr,1493
prabhsimran,1523
prabhudessai,71
practice,19645
pradeep,185
pradesh,3515
praised,8728
praising,2343
prakash,1313
pranjal,48
prannoy,5367
prarthana,255
prasad,939
prashant,631
pratheek,286
pravin,344
praying,429
preceding,402
premier,14812
preparation,10470
prepare,6900
prepared,5206
preparedness,224
prepares,3875
presence,17985
present,11398
presentation,2126
presenter,458
presently,336
preserved,185
preserving,559
president,19551
press,13535
pressed,672
pressure,34594
prestigious,4082
pretorius,468
pretty,13060
prevent,2050
prevented,1117
previous,19685
previously,13511
price,8829
pride,5645
primary,4209
prime,7069
principality,101
principle,936
prior,3883
prioritise,455
prithvi,817
priya,1747
priyanshu,793
prize,7411
proactive,536
probability,619
probable,2506
probably,11490
problem,11234
proceed,874
proceeding,2524
process,13601
produced,10064
professional,29508
proficiency,87
programme,3339
progress,8424
prolific,947
prolonged,1144
prominent,3945
promise,9037
promising,7122
promote,1754
promoted,1637
promotion,8570
prompted,1629
prompting,2300
propelled,1861
propelling,462
proper,2874
proportion,220
prospect,9296
protocol,1701
protracted,92
proud,11678
prove,6660
proved,10543
provided,8310
provides,6201
providing,5355
prowess,3048
pruning,14
psg,2240
pti,13921
public,31844
pujara,972
pulella,22
pull,5209
pulled,7077
pulling,2708
pundit,557
pune,2730
punished,620
punjab,12356
purchase,2629
purple,1348
purse,2350
pursuit,3734
push,12948
pushed,8755
pushing,6309
putt,2473
putting,8267
puzzling,95
pv,7736
qatar,5935
qi,1092
quad,635
qualification,6199
qualified,3923
qualifier,8014
qualify,5102
qualifying,12724
quality,8707
quarter,7792
quarterfinal,11914
queered,1
quelled,77
quest,4132
question,27500
questioned,5747
quick,10903
quickest,492
quickfire,511
quickly,30244
quinton,1270
quipped,627
quit,1553
quite,14505
quota,1350
quotient,45
rabada,1957
race,67510
raced,2934
rachin,1303
racket,799
rafael,3633
raged,47
raghav,206
raghuvanshi,923
rahane,3070
rahm,325
rahman,1569
rahmanullah,629
rahul,14047
rain,7325
raina,1746
raise,5859
raised,11473
raising,5021
rajan,195
rajasekhara,129
rajasthan,11722
rajat,2592
rajawat,1576
rajiv,995
rajkumar,224
rajvardhan,138
rallied,1730
rally,5479
ralte,114
ramandeep,631
ramesh,466
rampaging,62
rampal,122
rana,5976
range,6298
rani,549
ranji,4290
rank,5653
ranked,11434
ranking,15140
rankireddy,6794
ranveer,441
rao,629
raphael,97
rapidly,2065
rare,11402
rasheed,335
rashid,4499
rashid25,12
rasikh,714
rate,13687
ratna,958
ravi,2675
ravindra,6309
rawat,1070
rayudu,509
rb,699
rcb,18828
reach,20138
reached,19084
reaching,8733
reacted,5162
reaction,15988
read,82493
readiness,1192
ready,20707
real,28836
realised,1723
really,48666
realty,96
reasserted,44
rebound,9956
rebuild,2977
recalling,977
receive,7582
received,14517
receives,1929
receiving,7198
recent,47993
recently,32858
reckon,275
reckoned,519
reckoning,290
reclaim,1322
recognise,545
recognition,4637
recognizing,638
recollection,68
record,49876
recorded,6181
recounted,453
recovered,3466
recovery,14081
recuperating,124
recurrent,60
recurring,1362
reddy,5421
redeeming,92
redemption,2353
reduce,2274
reduced,4051
reducing,1306
reece,476
referee,6610
referred,2021
referring,1754
refined,735
reflected,7021
reflecting,4509
reflects,8976
refocus,144
reform,417
refuse,1405
refute,53
regain,2562
regained,1955
regaining,523
regarded,2443
regarding,8889
regardless,2430
registered,3515
regroup,577
regular,11860
regularly,2910
reign,13406
reigning,5564
reigniting,298
rein,526
reinforce,645
reiterated,908
rejoined,291
relationship,33764
relatively,2354
relaxed,2308
relaxing,712
release,17277
released,11386
relegated,670
relegation,861
relentless,4599
relied,1122
relief,3282
relinquished,151
relinquishing,190
relocation,267
reluctant,464
rely,3445
remain,21461
remained,16078
remaining,11216
remains,44609
remark,7031
remarkable,13325
remarked,1814
remarking,85
rematch,3578
remedy,276
remember,6349
reminder,5515
reminiscent,453
removing,1567
render,107
renewed,2750
renowned,2201
repeated,3062
repertoire,93
replace,2719
replaced,3977
replacing,1869
replay,1005
replied,3669
report,41880
represent,4930
represented,4877
representing,3957
represents,4024
republic,2334
reputation,6836
required,6733
reroute,24
reserve,4235
resilience,8127
resilient,1086
resolve,1546
resounding,557
respect,12223
respectable,515
respective,3968
respectively,3166
respite,214
responded,11534
responding,1183
responds,1484
response,12413
responsibility,7969
rest,13598
rested,1228
resting,797
restored,882
restricting,671
result,32789
resulted,2834
resulting,2262
resume,2847
resumed,1223
resurfaced,1878
resurgence,1182
retain,4044
retained,6911
retire,4600
retired,8785
retirement,17966
retrieved,107
return,59574
returned,14318
returning,10232
reuters,2685
revealed,22283
revelling,11
revenge,1588
reverse,1719
revised,1008
revives,220
reward,8430
rewarded,1176
rhythm,6977
rich,2951
richardson,1429
rickie,26
ricky,2653
ride,2791
rider,7568
riding,2076
right,60053
riled,28
riley,1681
ring,22541
rinku,3011
ripped,593
rise,11732
rishabh,8241
rising,8744
risk,7586
risky,793
ritika,622
rival,9679
rivalry,10545
riveting,171
riviera,100
riyan,1790
rizvi,896
road,11260
rob,2818
robert,5889
robin,1399
rodrygo,269
roger,3143
rohan,1841
rohidas,657
rohit,30272
roland,3479
role,42564
roll,3074
rollercoaster,544
romario,897
rome,1910
room,17966
rooyen,50
rory,1823
rose,5654
ross,1535
rotate,718
rotterdam,229
rough,2673
round,57562
rounded,496
rout,446
route,3609
routine,4874
routliffe,426
rovman,694
row,5165
roy,1785
royal,26290
rr,6494
rubber,1103
rubbished,42
rublev,968
rude,304
rule,12288
ruling,1809
rumbling,53
run,97262
rune,1096
running,10952
rush,2798
russell,15995
russia,1823
russian,3060
rutherford,1328
rutuja,655
rutuparna,173
ruturaj,1997
ruud,1858
ryan,8800
sabha,222
sachin,6121
sacked,733
sad,2242
safely,809
safety,7246
saha,372
sahith,394
sai,7077
said,197056
saina,3236
sakariya,103
sakib,456
salary,20800
salt,3642
salvador,185
salvage,484
sam,6930
samad,748
samarth,69
sameer,862
samiya,91
samson,9546
sanabria,54
sandeep,1028
sang,534
sangwan,246
sanjai,15
sanjay,1638
sanju,6637
sankar,1271
santiago,1421
santner,1676
sanvir,68
sar,35
sarma,154
sarpanch,41
sasia,2
sat,2805
saturday,27924
satwik,5101
satwiksairaj,6918
saurav,232
save,7432
saved,4051
saw,23897
sawai,657
say,46925
saying,24234
scale,2777
scare,1973
scary,921
scathing,424
scene,8780
schar,36
schauffele,623
schedule,15048
scheduled,21644
scheffler,3671
school,12108
schopman,112
score,33484
scored,29716
scoreline,1271
scorer,5742
scoresheet,241
scoring,28330
scotland,3477
scottie,2351
scottish,968
scratching,264
script,1742
scripted,1154
scrutiny,5401
sd,3047
se,2288
seal,4432
sealed,5834
sealing,2986
seamer,1204
seamers,613
search,3393
searching,2762
searing,97
season,200650
seasoned,2715
seat,4363
second,108026
secretary,4664
secure,16615
secured,24675
securing,11904
seed,16873
seeded,2313
seek,3712
seekhna,19
seeking,4407
seemingly,2347
seen,31379
seize,836
seized,1337
seizing,266
selected,6288
selecting,798
selection,12649
selector,6415
self,1008
semi,1972
semifinal,17895
semifinalist,536
sen,9383
senapati,23
send,4308
sends,2112
senior,12767
sensation,3741
sensational,2432
sense,8477
sent,10279
sentiment,2522
seo,796
separate,5188
sepp,89
serafim,24
serf,3804
sergio,1135
serie,748
series,64967
seriously,2882
serve,10943
served,5109
service,7091
session,20871
set,80151
setback,11551
setting,10287
settled,3569
seung,795
seven,23406
seventh,7219
sex,1358
seyoung,41
sg,1619
shadow,4783
shahbaz,572
shahrukh,524
shai,2458
shaik,372
shakib,881
shaky,933
sham,1164
shami,5257
shanaka,500
shankar,929
shape,7380
shaping,3841
shardul,1411
share,44348
shared,60260
sharing,10208
sharma,36785
shashank,1298
shattered,1465
shaw,2136
sheeran,348
sheet,1636
sheikh,613
sheng,573
shepherd,974
shepherdgerald,12
sherfane,675
shetty,11389
shi,2740
shida,349
shield,2985
shift,12410
shifted,6788
shikhar,962
shimron,678
shine,3766
shivalik,90
shivam,3279
shock,3798
shocked,3670
shokeen,74
shone,770
shook,1055
shoot,2848
short,23000
shortcoming,497
shortest,879
shot,34222
shoulder,7262
showcase,5325
showcased,6614
showcasing,4721
showdown,7284
showed,25037
shower,1527
showing,14431
shown,9592
shreyas,6988
shri,984
shruti,789
shu,712
shubman,13112
shuo,119
shuttler,6194
shuttlers,2721
shy,1817
sideline,4707
sidelined,5895
sien,68
sigh,358
sight,3459
sign,15535
significance,3947
significant,25469
significantly,6142
signing,11605
sihag,656
silver,15087
silverware,833
simarjeet,285
similar,10942
simply,11517
simran,561
sindhu,18618
singh,38832
singh25,11
singhi,507
singhsunil,2
single,47944
sinisuka,86
sink,567
sinner,15244
sipping,98
sir,3180
siraj,7194
sisanda,12
sister,5241
sit,6110
sitting,7274
situation,30436
sixth,10436
size,4157
sizzling,259
sjoerd,385
skc,2
skeptical,395
skepticism,469
skill,18622
skip,2150
skipper,10508
slam,16677
slated,1184
slender,245
slight,1830
slightly,4169
slipped,3269
sloppy,322
slot,4426
slow,5396
slowdown,105
slower,2059
slowest,154
slowly,2879
slugfest,282
smack,170
small,10448
smart,5124
smartly,478
smash,4598
smashed,3466
smashing,2639
smile,5189
smiled,969
smith,11327
smooth,1996
snapping,231
soccer,4686
social,40847
societal,240
sohyun,78
soil,2060
solanki,524
sole,2210
solely,1411
solid,7709
solidified,1030
solidify,722
solitary,399
somebody,2311
son,20343
sony,5908
soon,19245
soong,15
soothe,29
sorana,93
sorano,31
sort,3220
sought,2154
sound,4915
sounded,934
soundly,22
source,30063
south,32774
southee,494
spain,12105
spanish,5696
spanned,767
spare,1412
spared,197
sparked,11373
sparking,2614
speak,4806
speaking,9883
spearhead,1025
special,25568
spectacle,2279
spectacular,3432
spectator,3056
speculating,1013
speculation,19290
speedster,422
spell,6138
spencer,1606
spent,14402
spilt,56
spin,7305
spinner,11642
spirit,6963
spirited,1347
splashed,49
splendidly,87
splurged,126
spoke,13136
spontaneous,227
sporadic,215
sport,94137
sported,622
sporting,10170
spot,25971
spotlight,13686
spray,563
spread,5937
spur,6199
squad,31398
squander,71
squandering,246
square,6233
sr,925
sreejesh,1804
sreesanth,419
srh,7986
srikanth,2888
srikanthare,2
srivatsa,15
st,1167
stadium,43541
staff,11938
stage,32983
staged,2023
staggering,2105
stake,5878
stalwart,1214
stand,26750
standard,13190
standing,21053
standout,6889
star,91804
starc,3243
starred,1054
start,55020
started,33050
starter,4544
starting,18552
stated,11991
statement,21884
stating,6423
statistic,2338
stats,5902
status,13938
stay,25939
stayed,11310
staying,6295
steadily,1949
steady,7711
steam,1452
steely,140
steep,1080
stefanos,652
stegen,91
stellar,2903
stem,1520
stemming,310
step,25364
stephen,16586
stepping,6136
stern,810
stick,3902
stiff,753
stifled,69
stint,5115
stoinis,1109
stokes,3234
stood,10043
stop,12182
stoppage,2459
stopped,5735
storm,4028
storming,207
story,40738
straight,17775
strain,4574
straka,50
stranded,637
strategic,6368
strategizing,35
strategy,13126
streak,8545
street,6185
strength,12881
strengthened,1932
stressed,3963
stretch,8418
stretched,1566
stride,1276
strike,13214
striker,4809
striking,6569
stripped,495
striving,507
stroke,4230
strong,48692
stronger,7078
strongest,3719
strongly,5809
struck,8859
struff,246
struggle,14352
struggled,13853
struggling,7508
stubbs,1670
stuck,2171
stuff,3716
stumbled,668
stumping,258
stunned,4564
stunning,9345
stuttgart,490
style,18617
suarez,1294
subhranshu,16
sublime,658
subramanyam,12
subsequent,1894
subsequently,2774
substantial,2472
substitution,429
succeed,1912
success,29981
successful,13684
successive,2228
succumb,72
succumbed,837
succumbing,271
sudarsan,6
suddenly,4868
sudharsan,3228
suffered,16156
suffering,3978
suffocated,25
suggesting,4419
suggestion,1755
sujeong,11
sum,1652
sumit,2453
summed,1912
summer,14317
summit,1722
sun,8424
sundar,4575
sundargarh,50
sundarpat,18
sunday,33562
sunil,4049
sunrisers,6774
supanida,282
super,56378
superb,1765
superficial,75
supergiant,130
supervisor,348
supperkings,4
support,42759
suraj,438
sure,16483
surely,1805
suresh,2337
surface,5754
surfaced,3147
surge,2024
surged,1429
surgery,10610
surpass,1320
surpassed,1651
surpassing,2287
surprise,10379
surprised,5122
surrounding,9432
survived,1959
survivor,1913
surya,2711
suryakumar,9646
sushant,94
suspended,3115
suspension,5847
sustained,4549
suthar,1218
suyash,817
svabikova,81
sven,21
swapnil,593
swastik,215
swaying,37
swedish,887
sweet,3735
swelling,700
sweltering,185
swetaparna,364
swiftly,1469
swing,5300
swiss,2811
switch,3644
switched,1147
swivel,15
sword,1069
sympathy,569
synonymous,494
szczesny,130
t20,36563
t20i,13199
t20s,969
table,10432
tabloidish,1
tackle,3719
tactic,2105
tactical,4423
tactically,362
tae,191
tai,693
tailored,263
taipei,4834
tajikistan,208
taken,20159
taking,31146
talent,23470
talented,4471
talk,21937
talked,4230
talking,13050
tall,2527
tally,3974
tan,2224
tanisha,2364
tanush,275
tanvi,5245
tanya,652
target,15625
task,4532
tasting,47
taught,1854
taunt,364
tba,483
tchouaméni,23
tea,774
team,329376
teammate,23711
tee,1731
teenage,2289
teenager,4790
televise,46
tell,10579
tempered,88
tenacity,687
tendency,511
tendulkar,6728
tennis,29833
tense,4617
tension,8142
tenth,1414
tenure,3720
ter,98
tereza,116
term,12679
test,76403
testing,5226
tewatia,586
texas,6066
tha,1226
thailand,6270
thaker,247
thakur,2804
thakurphilip,2
thanks,9217
tharun,1016
theasian,36
theatp,3
theegala,630
theekshana,542
theekshanaishan,1
thickish,2
thing,56270
think,64582
thinking,7257
thoiba,7
thomas,7399
thombare,173
thommy,4
thought,37462
thousand,3145
thrashing,427
threat,6133
threaten,449
threatened,1678
threatening,1233
thriller,1097
thrilling,7386
throat,366
throbbing,8
thursday,17251
thushara,387
thwarted,264
thwarting,78
tick,636
ticket,6982
tide,1185
tie,9615
tien,1068
tiger,7191
tight,9204
tilak,4491
till,5091
tim,4442
time,201383
timely,1386
timeout,595
ting,563
tipped,487
tired,2472
tirkey,1192
titan,9723
title,93290
today,30682
toh,1607
toi,26763
tokyo,10657
told,39119
toll,2317
tom,17980
tomorrow,3255
tone,6867
toni,458
took,52842
tookon,2
topley,313
topped,1924
torino,53
total,23161
totally,1574
tottenham,1898
touch,6081
touched,1566
tough,20640
toughest,3099
tour,30607
tournament,79133
towering,1103
town,5753
track,17289
traded,5169
trademark,2276
trafford,1814
trail,3359
trailblazer,402
trailing,3217
training,28669
transition,5938
trashing,17
trau,40
travel,9274
travis,37273
treat,2385
treated,2702
treatment,4895
treble,282
treesa,4185
tremendous,1374
trend,3309
trent,2327
trial,5884
tried,11285
trinidadian,18
trio,2540
tripathi,536
tristan,1977
triumph,11061
triumphant,948
triumphed,1598
trophy,41453
trot,315
troubled,1072
true,9456
try,15708
trying,20027
tsitsipas,1213
tuchel,811
tuesday,16596
turf,1288
turn,23828
turned,23648
turning,11102
tushar,713
tv,10234
twice,8219
twin,3572
twist,3557
tyagi,508
type,4611
tyre,1903
uber,1209
uday,138
uefa,2769
uganda,556
ugly,835
ugo,147
ul,123
ulreich,3
ultimately,8783
umar,779
umesh,209
umpire,5803
umran,261
unable,4778
unadkat,431
unbeaten,11682
unbelievable,2174
uncapped,1522
unceremoniously,46
uncertainty,7031
unchallenged,85
uncle,1761
undaunted,23
undeniable,1339
underdog,1497
undergone,710
underlining,1660
underscore,2025
underscoring,780
understand,8251
understanding,3932
undoubtedly,1580
unexpected,8144
unfazed,542
unfolds,1158
unforced,2314
unfortunately,3276
unhappy,724
unique,8353
united,22317
unko,245
unleashed,1202
unless,2456
unnerving,35
unseeded,848
unsettle,144
untroubled,8
unusual,3656
unwanted,604
upadhyaya,698
upbringing,552
upcoming,26824
update,30641
updated,2055
upendra,102
uphill,691
uplift,294
uppal,1410
upper,2171
upset,5587
ur,867
uralsk,47
urging,1418
urvil,558
usa,12893
usd,2065
use,15057
used,19532
user,10689
usual,4361
uthappa,485
vaibhav,8386
vajpayee,398
valero,15
valiant,1434
valiantly,318
valuable,8759
value,18230
van,4434
vanja,31
variation,1563
varied,626
various,6273
varma,3870
varun,3998
varying,417
vast,800
vastly,217
vasu,39
vaughan,1176
vc,663
ven,79
venkatesh,1474
venue,15433
versatility,3276
veteran,22159
vettori,580
vfb,24
vfl,10
vibrant,1038
vicky,217
victorious,3152
victory,73615
video,35343
vie,271
viewership,1603
vigor,86
vijay,3669
vijaykumar,458
vijender,397
viktor,1366
villa,2224
village,3148
villiers,1301
vimal,695
vinicius,1832
vinod,839
violating,577
vip,660
viral,17764
virat,21344
virtually,913
visakhapatnam,685
vishnu,589
visibly,2985
vision,5349
visit,6351
visiting,1646
visitor,4109
visualising,20
vital,2938
vivrant,26
vlahovic,77
vociferously,9
volley,905
vulnerable,1058
vyas,27
vying,825
vyshak,559
wade,8150
wadhera,773
wait,13776
waited,1732
walk,9108
walking,5514
walkover,322
wanindu,683
waning,54
wankhede,3711
want,58491
wanted,19935
ward,1461
warded,4
warmer,146
warned,1840
warner,2066
warning,3635
warrier,68
warrior,20029
warsaw,91
washington,16096
wasted,1466
watch,34276
watched,5911
watching,12303
water,4788
watson,3115
waving,489
waxed,10
way,64807
wayward,83
wc,817
weak,1446
wealth,7878
weather,7833
weathered,242
wednesday,14463
week,63294
weekend,16621
wei,2537
welch,82
welcomed,4139
wellness,1025
welterweight,5052
wembley,627
went,44665
werder,63
west,16853
whistle,1292
white,29547
whitewash,710
whopping,1373
wicket,36864
wicketkeeper,2478
wicketkeepers,314
wide,9145
wiese,45
wild,8878
willett,30
william,2225
williamson,2479
willingness,1695
willott,104
willy,277
win,154746
wind,2283
window,6717
winger,3392
winless,835
winner,28508
winning,49722
wire,740
wisely,309
wish,7172
withdraw,1342
withdrawal,1754
withdrawing,450
withdrawn,1024
withstand,236
witness,3550
witnessed,3428
witnessing,890
wizard,2685
wk,3239
wkts,197
wo,4720
woe,1181
wojciech,84
wolfsburg,50
woman,82211
wonder,2510
wondered,892
wonderful,2294
wong,929
wood,6509
woodland,158
word,18949
work,43490
worked,13937
working,18395
workload,3172
world,230185
worried,2520
worth,39873
wrapped,2884
wriddhiman,124
wrong,7797
wrote,35541
wtc,2128
x1,30
xabi,369
xander,438
xavi,276
xi,7161
xuefei,6
xyz,3
yadav,16636
yadavindra,367
yadavravindra,1
yamaguchi,1744
yan,930
yash,2554
yashasvi,4673
yeah,6326
year,198947
yelling,442
yellow,2688
yes,13724
yesterday,2774
yield,428
yielded,569
yorker,588
yoshikawa,31
young,45131
younger,9149
youngest,6340
youngster,6299
youthful,759
youtube,31058
yu,3314
yue,668
yufei,289
yuvraj,2555
yuzvendra,1917
zaheer,663
zalatoris,25
zapata,17
zareen,1145
zealand,20556
zero,3783
zidane,384
zii,394
zinedine,169
zodingliana,1
zu,171
zverev,8067
